Model,Accuracy,Precision,Recall,F1 Score
Random Forest,0.6140885099472189,0.6111987752934935,0.6140885099472189,0.6097503386133067
Hyper Tuned XGBoost,0.543950466910272,0.5414924135332257,0.543950466910272,0.5418843389748849
KNN,0.4113885505481121,0.4121764980635391,0.4113885505481121,0.41068323344892177
Logistic Regression,0.3404384896467722,0.3406313268712034,0.3404384896467722,0.3381789292557768
